graduate_id,name,age,gender,degree,graduation_year,employed,company,salary,months_to_employment,skill
1,Michael Fuentes,31,Male,Computer Science,2023,True,Deloitte,22199.0,4.0,Java
2,Kristen Johnson,22,Female,Data Science,2024,False,,,,Cloud Computing
3,Alyssa Murray,33,Male,Law,2025,True,Vodacom,58382.0,5.0,Machine Learning
4,Jessica Miller,33,Male,Computer Science,2025,True,Accenture,30437.0,3.0,SQL
5,Christina Moore,23,Male,Marketing,2025,True,Deloitte,24285.0,3.0,PowerBI
6,Curtis Phillips,25,Male,Information Systems,2025,True,Takealot,28602.0,11.0,SQL
7,Amanda Myers,21,Male,Information Systems,2023,True,Accenture,34811.0,4.0,Python
8,Kara Gibson,25,Male,Information Systems,2024,False,,,,Cloud Computing
9,Elizabeth Hicks,26,Male,Information Systems,2024,True,Vodacom,35608.0,8.0,Excel
10,Jermaine Soto,35,Male,Education,2024,True,Takealot,15189.0,3.0,Excel
11,Jesse Bush,33,Female,Civil Engineering,2025,True,Vodacom,54905.0,12.0,Excel
12,Kevin Castro,23,Female,Information Systems,2023,True,Shoprite,49641.0,2.0,Excel
13,Jeanne Parker,22,Female,Marketing,2023,True,Discovery,38567.0,4.0,Python
14,Helen Kelley,21,Male,Education,2024,True,Capitec,48448.0,7.0,Python
15,Kelly Finley,27,Female,Education,2024,False,,,,Java
16,Frank Porter,34,Male,Civil Engineering,2024,True,Discovery,58238.0,8.0,Machine Learning
17,Shawn Clark,34,Male,Civil Engineering,2023,True,Deloitte,47427.0,7.0,Excel
18,Stephanie Love,35,Male,Marketing,2025,True,Accenture,21078.0,9.0,Python
19,William Allen,27,Female,Computer Science,2025,True,Capitec,52054.0,3.0,Python
20,Daniel Williams,33,Male,Information Systems,2024,True,Shoprite,48487.0,2.0,PowerBI
21,Mrs. Elizabeth Rogers,24,Female,Civil Engineering,2024,False,,,,Python
22,Antonio Smith MD,25,Female,Data Science,2023,False,,,,Communication
23,Pamela Martin,33,Male,Education,2025,False,,,,Cloud Computing
24,Tracy Zimmerman,33,Male,Data Science,2024,True,Takealot,48387.0,11.0,SQL
25,John Jackson,25,Female,Marketing,2023,True,Discovery,39370.0,10.0,Machine Learning
26,Catherine Smith,28,Male,Law,2023,False,,,,Excel
27,Chad Stanton,25,Female,Marketing,2024,True,Discovery,48131.0,10.0,Cloud Computing
28,Charles Reyes,29,Female,B Com Accounting,2024,False,,,,Communication
29,Jenna Little,33,Male,Data Science,2024,True,Deloitte,17214.0,3.0,SQL
30,Amy Brown,33,Female,Education,2024,False,,,,Cloud Computing
31,Darrell Yang,30,Male,Computer Science,2023,True,Deloitte,17547.0,1.0,Java
32,Jennifer Olsen,31,Female,B Com Accounting,2025,False,,,,Excel
33,Dustin Roach,25,Female,Marketing,2025,False,,,,Java
34,Scott Hodge,34,Female,Law,2024,False,,,,Communication
35,Allen Stewart,32,Male,Civil Engineering,2024,True,Deloitte,54696.0,10.0,Communication
36,Laura Smith,26,Male,Computer Science,2023,False,,,,SQL
37,Kathleen Maynard,32,Male,Information Systems,2023,False,,,,Excel
38,Sherry Sawyer,35,Female,Computer Science,2024,False,,,,Python
39,Anthony Hopkins,24,Female,Data Science,2023,True,Takealot,40732.0,7.0,Cloud Computing
40,Jamie Wilson,28,Male,Education,2025,False,,,,Cloud Computing
41,Jimmy Hill,30,Male,Information Systems,2024,True,Vodacom,58793.0,11.0,Java
42,Brianna Davis,33,Male,Law,2023,False,,,,Java
43,Maureen Willis,29,Male,Education,2023,True,Accenture,57354.0,11.0,Excel
44,Stephen Mckay,34,Male,Marketing,2025,False,,,,SQL
45,Paul Green,23,Male,Computer Science,2023,False,,,,Machine Learning
46,David Mills,28,Female,Civil Engineering,2025,False,,,,Cloud Computing
47,Thomas Herman,29,Female,Law,2023,True,Accenture,35192.0,2.0,PowerBI
48,Tammy Smith,23,Female,Computer Science,2023,True,Shoprite,22451.0,4.0,Excel
49,Jeffrey Daniels,22,Female,B Com Accounting,2023,True,Deloitte,17642.0,7.0,PowerBI
50,Crystal Pierce,35,Female,Marketing,2025,True,Discovery,43789.0,9.0,PowerBI
51,Richard Thompson MD,28,Male,Marketing,2023,True,Discovery,36021.0,3.0,Python
52,Brittany Martinez,25,Male,Civil Engineering,2025,True,Vodacom,24147.0,5.0,Cloud Computing
53,Timothy Garcia,32,Female,Marketing,2024,False,,,,Communication
54,Kelly Johnson,35,Female,Data Science,2024,True,Vodacom,32767.0,5.0,Communication
55,Carlos Cook,35,Female,Education,2025,False,,,,Machine Learning
56,Amanda Ball,34,Male,Education,2023,False,,,,Java
57,Mrs. Shelby Kelley,22,Male,Civil Engineering,2023,True,Standard Bank,49391.0,8.0,PowerBI
58,Rebecca Cook,22,Male,B Com Accounting,2024,True,Vodacom,47819.0,5.0,Communication
59,Thomas Anderson,34,Male,Data Science,2025,True,Capitec,37517.0,4.0,Machine Learning
60,Robert Andrade,30,Female,Computer Science,2023,True,Capitec,47830.0,3.0,Java
61,Sydney Moore,29,Female,Computer Science,2025,True,Capitec,59042.0,9.0,PowerBI
62,Christine Cox,30,Female,B Com Accounting,2023,False,,,,Cloud Computing
63,Christina Mclean,31,Female,Information Systems,2023,False,,,,PowerBI
64,Johnny Johnson,32,Male,Law,2025,False,,,,Python
65,Jessica Thompson,25,Female,Civil Engineering,2024,False,,,,PowerBI
66,Matthew Brown,22,Male,Education,2025,False,,,,Java
67,Theresa Campbell,34,Female,Law,2024,True,Takealot,59880.0,2.0,Excel
68,Meredith Freeman,31,Female,B Com Accounting,2024,True,Standard Bank,26908.0,11.0,Excel
69,Laura Moore,28,Male,Education,2025,True,Amazon,17477.0,12.0,PowerBI
70,Ana Weiss,25,Female,Civil Engineering,2023,False,,,,SQL
71,Matthew Wilson,29,Male,Marketing,2024,False,,,,Excel
72,Edward Benton,32,Male,Education,2024,True,Takealot,24190.0,5.0,Excel
73,John Foster,28,Male,Data Science,2025,True,Amazon,36994.0,8.0,Communication
74,Jamie Rosario,29,Female,Education,2024,False,,,,PowerBI
75,Derek Shepard,30,Female,Law,2024,True,Deloitte,51919.0,7.0,Python
76,Kathleen Tucker MD,22,Female,Marketing,2025,False,,,,Python
77,Rebecca Salazar,24,Female,Marketing,2023,False,,,,Java
78,Gary Wu,30,Female,Civil Engineering,2023,False,,,,Cloud Computing
79,Jasmine Page,23,Female,B Com Accounting,2024,True,Discovery,22976.0,1.0,Java
80,Michael Murray,35,Male,Data Science,2023,False,,,,Machine Learning
81,Richard Gonzales,34,Male,Information Systems,2025,True,Capitec,46280.0,1.0,Machine Learning
82,Audrey Cordova,33,Male,Education,2025,False,,,,Excel
83,Emma Barnes,28,Female,Marketing,2025,False,,,,PowerBI
84,Robin Koch,33,Male,Marketing,2025,False,,,,SQL
85,Monica Gutierrez,21,Male,Data Science,2023,False,,,,Excel
86,Erin Anderson,23,Male,Law,2024,False,,,,Machine Learning
87,David Dorsey,26,Male,Law,2024,True,Standard Bank,38179.0,6.0,Communication
88,Todd Davis,33,Male,Education,2025,False,,,,Machine Learning
89,Shane Duke,34,Male,Information Systems,2025,False,,,,SQL
90,Rebecca Wong,32,Female,Data Science,2023,True,Discovery,50180.0,3.0,Java
91,James Johnson,21,Female,Data Science,2023,False,,,,Java
92,Amanda Dunn,23,Male,B Com Accounting,2023,True,Deloitte,58140.0,2.0,Cloud Computing
93,Jason Brown,23,Female,Computer Science,2023,True,Standard Bank,24091.0,4.0,Java
94,Rebecca Wiley,25,Male,Computer Science,2025,True,Shoprite,58184.0,8.0,PowerBI
95,Monica Arnold,34,Female,Law,2024,False,,,,SQL
96,Melissa Adams,22,Male,B Com Accounting,2025,False,,,,Python
97,Shawn Adams Jr.,31,Female,B Com Accounting,2024,True,Standard Bank,23957.0,2.0,Communication
98,Christopher Chase,23,Female,B Com Accounting,2023,False,,,,Python
99,Amber Leonard,32,Female,Information Systems,2025,True,Standard Bank,18471.0,11.0,SQL
100,William French,25,Male,Law,2025,True,Deloitte,49633.0,3.0,Communication
101,Dr. Patrick Ramirez DDS,28,Female,Data Science,2024,False,,,,Java
102,Diane Brown,25,Female,Computer Science,2023,False,,,,Java
103,Shannon Norman,23,Female,Data Science,2024,False,,,,Machine Learning
104,Monica Caldwell,35,Male,B Com Accounting,2025,False,,,,Machine Learning
105,Erika Williams,34,Male,Data Science,2024,True,Accenture,22614.0,6.0,Communication
106,Ronnie Nguyen,33,Female,Computer Science,2023,True,Takealot,26589.0,5.0,Communication
107,Eddie Hudson,27,Male,Education,2023,True,Amazon,15387.0,3.0,PowerBI
108,Jasmine Lucas,33,Female,B Com Accounting,2024,False,,,,Communication
109,Anthony Hess,24,Male,Law,2024,True,Capitec,56921.0,1.0,Machine Learning
110,Sandra Roach,30,Male,Computer Science,2024,False,,,,Excel
111,Vicki Gross DVM,27,Female,Education,2024,True,Shoprite,52917.0,3.0,Python
112,Kelly Sullivan,33,Female,Data Science,2023,True,Deloitte,38031.0,8.0,SQL
113,Jeanette Perez,32,Female,Information Systems,2025,False,,,,Java
114,Jessica Nichols,23,Female,Education,2024,False,,,,SQL
115,Chad Walters,21,Male,B Com Accounting,2024,True,Accenture,50180.0,5.0,Communication
116,Ronald Moore,34,Male,Education,2023,False,,,,SQL
117,Kimberly Rodriguez,30,Female,Data Science,2024,False,,,,Python
118,Hailey Lewis,23,Female,B Com Accounting,2024,False,,,,Cloud Computing
119,Christopher Hood,31,Female,Law,2025,True,Accenture,37311.0,6.0,Excel
120,John Johnson,21,Male,Law,2024,True,Discovery,16869.0,8.0,SQL
121,Kevin Smith,33,Male,Information Systems,2023,False,,,,Java
122,Sandra Hardin,32,Male,Education,2024,True,Discovery,50878.0,9.0,Cloud Computing
123,Steven Higgins,34,Male,Education,2023,True,Discovery,45984.0,6.0,Excel
124,Keith Mcpherson,30,Female,B Com Accounting,2025,False,,,,Cloud Computing
125,Garrett Small,22,Male,Education,2025,False,,,,Cloud Computing
126,Wayne Jones,34,Female,Civil Engineering,2025,False,,,,Excel
127,Rebecca Bailey,29,Male,Computer Science,2024,True,Shoprite,46287.0,11.0,PowerBI
128,Susan Chaney,30,Male,Education,2024,True,Discovery,28190.0,2.0,Communication
129,Daniel Conner,33,Male,Data Science,2025,True,Accenture,23542.0,11.0,Java
130,Melissa Gordon,30,Female,Computer Science,2025,False,,,,Communication
131,Jessica Wilson,31,Male,Marketing,2023,False,,,,Machine Learning
132,Kayla Wall,34,Male,Data Science,2024,True,Deloitte,20073.0,10.0,Python
133,Steven Meyer,35,Male,Law,2023,True,Amazon,20446.0,3.0,Communication
134,Jennifer Stewart,35,Female,Information Systems,2023,True,Capitec,59108.0,7.0,Machine Learning
135,Juan Davis,30,Female,Marketing,2023,True,Accenture,32295.0,1.0,Excel
136,Patricia Gray,25,Male,Data Science,2024,False,,,,Machine Learning
137,Janet Anderson,27,Female,Computer Science,2025,False,,,,PowerBI
138,Connie Edwards,31,Female,Civil Engineering,2023,False,,,,Machine Learning
139,Scott Williams,35,Female,Computer Science,2023,False,,,,PowerBI
140,Stanley Hansen,35,Female,Civil Engineering,2025,False,,,,Communication
141,Jessica Burton,27,Male,Data Science,2024,True,Standard Bank,23603.0,6.0,Java
142,Regina Manning,33,Female,Law,2024,True,Vodacom,24760.0,9.0,Excel
143,Brittany Mckinney,24,Male,Computer Science,2024,False,,,,PowerBI
144,Angela Oliver,30,Female,Education,2023,True,Deloitte,31482.0,3.0,SQL
145,Kayla Nunez,30,Male,Computer Science,2025,True,Capitec,47130.0,1.0,Excel
146,Andrew Garcia,33,Male,Information Systems,2024,False,,,,Communication
147,James Ramos,21,Female,Data Science,2025,True,Standard Bank,42913.0,6.0,SQL
148,Priscilla Hughes,21,Female,Information Systems,2023,False,,,,PowerBI
149,Christopher Chambers,34,Female,Education,2025,False,,,,SQL
150,Lisa Williamson,25,Male,Marketing,2023,True,Standard Bank,54074.0,4.0,Python
151,David Jimenez,25,Male,Information Systems,2023,False,,,,Excel
152,Jacob Pearson,25,Female,Civil Engineering,2025,True,Capitec,37314.0,9.0,Java
153,Michael Chen,30,Female,Law,2025,False,,,,PowerBI
154,Jessica Smith,31,Female,B Com Accounting,2024,False,,,,Cloud Computing
155,Ashley Cooper,24,Female,Data Science,2023,True,Standard Bank,33218.0,11.0,Communication
156,Steven Garner,23,Female,Data Science,2023,False,,,,Python
157,Susan Hoover,21,Female,Civil Engineering,2025,False,,,,Java
158,Sharon Anderson,35,Female,Data Science,2024,False,,,,Machine Learning
159,Kimberly Bates,21,Male,Marketing,2023,False,,,,PowerBI
160,Christopher Harrington,28,Female,Law,2025,False,,,,Python
161,Tammy Young,25,Male,Law,2023,False,,,,SQL
162,Rebecca Brown,32,Female,B Com Accounting,2024,True,Discovery,45017.0,4.0,Python
163,Jacob Savage,33,Male,Law,2024,False,,,,Machine Learning
164,Ryan Ellison,27,Female,B Com Accounting,2025,True,Deloitte,47602.0,5.0,PowerBI
165,David Smith,26,Male,Education,2023,False,,,,SQL
166,Jamie Schwartz,31,Male,Computer Science,2023,False,,,,PowerBI
167,Justin Thomas,32,Male,Law,2024,False,,,,PowerBI
168,Sarah Herring,32,Female,Civil Engineering,2024,True,Amazon,37456.0,7.0,Python
169,Harold Lewis DDS,29,Female,Civil Engineering,2023,True,Amazon,37405.0,1.0,Excel
170,Teresa Santiago,31,Female,B Com Accounting,2023,False,,,,Machine Learning
171,Brittany Lewis,30,Male,Computer Science,2024,False,,,,Python
172,Nicholas May,23,Female,Information Systems,2025,True,Amazon,43346.0,6.0,Cloud Computing
173,Thomas Brown,24,Male,B Com Accounting,2025,True,Capitec,29584.0,2.0,Cloud Computing
174,Emma Taylor,34,Male,Education,2023,False,,,,Cloud Computing
175,Jake Diaz,24,Male,Computer Science,2023,True,Capitec,57380.0,12.0,Python
176,Stacey Frazier,28,Male,Computer Science,2024,False,,,,Excel
177,Wesley Johnson,33,Male,Education,2024,True,Discovery,38132.0,11.0,Excel
178,Kelly Vasquez,34,Male,Law,2024,True,Discovery,22539.0,5.0,Machine Learning
179,Jason Robinson,27,Female,Civil Engineering,2024,True,Accenture,33138.0,7.0,Excel
180,Jimmy Gordon,24,Male,Law,2023,True,Deloitte,56724.0,6.0,Python
181,Tammy Kelly,25,Female,Information Systems,2024,True,Amazon,19095.0,7.0,Java
182,Jason Smith,25,Male,Law,2023,True,Vodacom,50357.0,9.0,PowerBI
183,Kimberly Baker,34,Male,Marketing,2024,False,,,,Excel
184,Brandon Cook,23,Female,Data Science,2025,False,,,,Communication
185,Eric Mccall,32,Female,Civil Engineering,2023,True,Standard Bank,15628.0,11.0,Python
186,Bruce Hernandez,35,Male,Civil Engineering,2023,False,,,,SQL
187,Christopher Mclean,31,Male,Marketing,2025,True,Capitec,55232.0,8.0,Communication
188,Stephanie Lewis,30,Male,B Com Accounting,2025,True,Accenture,52170.0,7.0,Python
189,Edgar Richards,23,Female,Computer Science,2025,False,,,,Python
190,Maurice Green,30,Male,Data Science,2023,True,Deloitte,17794.0,8.0,Communication
191,Robert Garcia,23,Male,Law,2023,False,,,,Python
192,Matthew Perez,25,Female,Computer Science,2025,False,,,,SQL
193,Francis Mccoy,24,Male,Information Systems,2024,False,,,,SQL
194,Tanner Drake,32,Male,Law,2024,False,,,,SQL
195,Darren Marshall,32,Male,Civil Engineering,2023,True,Standard Bank,55115.0,6.0,Machine Learning
196,Robert Miller,28,Female,Education,2024,False,,,,Excel
197,Lawrence Chandler,23,Female,Law,2024,False,,,,Machine Learning
198,Jennifer Rodriguez,23,Male,Marketing,2024,False,,,,Python
199,Michael Jordan,34,Male,Information Systems,2024,True,Standard Bank,17638.0,7.0,Machine Learning
200,Zachary Barber,22,Male,Education,2024,False,,,,Machine Learning
201,Danielle Anderson,23,Female,Education,2023,True,Shoprite,38865.0,2.0,Python
202,Kelsey Mcdaniel,25,Male,Education,2025,False,,,,Java
203,David Franklin,34,Male,Data Science,2023,True,Deloitte,43682.0,8.0,Excel
204,Thomas Wilson,27,Female,Law,2025,True,Accenture,56307.0,8.0,SQL
205,Vincent Sanchez,26,Female,Education,2025,True,Amazon,16196.0,9.0,Excel
206,David Austin,35,Male,Marketing,2023,False,,,,Excel
207,Amber Gallagher,21,Male,Information Systems,2025,True,Vodacom,48927.0,8.0,Excel
208,Troy Glenn,22,Female,Data Science,2025,True,Takealot,57010.0,10.0,Machine Learning
209,Robert Weiss,35,Male,Law,2024,False,,,,Python
210,Madison Collins,23,Male,Data Science,2023,True,Takealot,18428.0,10.0,PowerBI
211,Bonnie Moore,30,Female,Law,2025,False,,,,Java
212,Justin Evans,34,Female,Information Systems,2024,True,Standard Bank,48560.0,1.0,Python
213,Becky Sanchez,27,Male,Education,2025,True,Accenture,17563.0,3.0,Java
214,Christina Fox,23,Female,Information Systems,2025,False,,,,Cloud Computing
215,Vicki Roberts,22,Female,Information Systems,2024,False,,,,Machine Learning
216,Lawrence Stewart,22,Female,Marketing,2023,False,,,,Machine Learning
217,Steven Norton,30,Female,Civil Engineering,2025,True,Standard Bank,57240.0,11.0,Machine Learning
218,Heather Lewis,23,Female,Civil Engineering,2025,True,Standard Bank,48805.0,1.0,SQL
219,Jeremy Lee,29,Female,Law,2025,True,Deloitte,33170.0,2.0,Machine Learning
220,Omar Rodriguez,24,Female,B Com Accounting,2024,False,,,,Java
221,James Bright,34,Male,Information Systems,2023,True,Vodacom,33605.0,11.0,Cloud Computing
222,Candace Dean,21,Female,Computer Science,2024,True,Capitec,29920.0,12.0,Python
223,Christopher Ramsey,24,Male,Computer Science,2025,True,Vodacom,45593.0,11.0,SQL
224,Mr. Charles Brown,27,Male,Information Systems,2025,True,Shoprite,46022.0,1.0,PowerBI
225,Sharon Richardson,24,Female,Education,2024,True,Accenture,35189.0,3.0,PowerBI
226,Kathryn Smith,30,Female,B Com Accounting,2025,True,Shoprite,23612.0,4.0,Python
227,Lisa Charles,29,Male,Information Systems,2023,False,,,,Communication
228,Sharon Chambers,23,Female,Education,2025,False,,,,Java
229,Donna Smith,31,Male,Civil Engineering,2024,False,,,,PowerBI
230,Christopher Maldonado,31,Female,Marketing,2024,True,Deloitte,37589.0,3.0,Python
231,Christopher Howard,23,Male,Information Systems,2023,False,,,,Excel
232,John Brown,22,Male,Information Systems,2024,False,,,,Excel
233,Melissa Morales,22,Male,Information Systems,2024,False,,,,Cloud Computing
234,Roger Malone,22,Male,Civil Engineering,2024,False,,,,Java
235,Aimee Alvarez MD,32,Female,Information Systems,2024,False,,,,Machine Learning
236,Curtis Foster,31,Female,Data Science,2023,False,,,,SQL
237,Vanessa Jensen,30,Female,Computer Science,2024,True,Discovery,45272.0,1.0,Python
238,Alisha White,31,Female,Data Science,2024,False,,,,PowerBI
239,Richard Barron,24,Female,B Com Accounting,2023,True,Amazon,39066.0,4.0,PowerBI
240,Wendy Fuller,34,Male,Computer Science,2024,True,Accenture,30772.0,1.0,Java
241,Todd Booth,30,Female,Education,2025,True,Vodacom,59176.0,4.0,Python
242,Julia Boyle,25,Female,Education,2024,False,,,,Machine Learning
243,Cheyenne Owens MD,29,Female,Data Science,2025,False,,,,Java
244,David Kim,33,Male,Civil Engineering,2023,True,Deloitte,54811.0,2.0,Machine Learning
245,Sandra Smith DDS,24,Female,B Com Accounting,2025,True,Takealot,42668.0,12.0,PowerBI
246,Edward Aguilar,35,Female,Marketing,2023,True,Vodacom,22874.0,5.0,PowerBI
247,James Schneider,31,Female,Information Systems,2024,False,,,,PowerBI
248,Jesse Lewis,24,Female,Education,2023,True,Shoprite,52265.0,3.0,Communication
249,Scott Gray,31,Male,Information Systems,2024,False,,,,Excel
250,Jordan Allen,24,Female,Marketing,2023,False,,,,Cloud Computing
251,Julie Scott,27,Female,Education,2024,False,,,,Communication
252,Jerry Taylor,32,Male,Information Systems,2025,False,,,,Cloud Computing
253,Mark Gregory,34,Male,Computer Science,2024,False,,,,Cloud Computing
254,Scott James,34,Male,Information Systems,2023,False,,,,Java
255,Micheal Wolfe,33,Male,B Com Accounting,2023,True,Capitec,53261.0,5.0,Python
256,Tamara Mcdonald,29,Female,Marketing,2024,False,,,,Machine Learning
257,Kathleen Marshall,22,Male,Law,2024,False,,,,Machine Learning
258,Alexander Johnson,23,Male,Computer Science,2025,False,,,,Python
259,Jay Bryant,21,Female,Law,2024,True,Takealot,29463.0,5.0,SQL
260,James Deleon,30,Female,Education,2024,False,,,,Communication
261,Joseph Grimes,32,Male,Education,2025,False,,,,Java
262,Ashley Aguilar,28,Female,Education,2025,True,Shoprite,44245.0,1.0,Cloud Computing
263,Mariah Rodriguez,33,Male,Law,2024,False,,,,Python
264,Christopher Harper,23,Male,Law,2023,False,,,,PowerBI
265,Richard Jones,28,Female,Marketing,2025,False,,,,Python
266,Reginald Hanna,29,Male,Education,2023,True,Deloitte,42416.0,5.0,Machine Learning
267,Monica Harrison,33,Female,Information Systems,2023,False,,,,SQL
268,Jennifer Thompson,31,Female,B Com Accounting,2024,False,,,,Python
269,Cindy Strickland,23,Male,Marketing,2024,False,,,,Communication
270,Steven Sullivan,28,Female,Marketing,2025,True,Capitec,27912.0,3.0,Communication
271,Michael Lewis,23,Female,Information Systems,2023,False,,,,Java
272,Joe Jackson,35,Female,Data Science,2023,False,,,,Excel
273,Amanda Petty,26,Female,Marketing,2023,False,,,,Machine Learning
274,Christopher Perez,35,Female,Law,2023,False,,,,Java
275,Cindy Williams,24,Female,Law,2025,True,Amazon,57814.0,2.0,SQL
276,Sarah Gonzalez,25,Female,Civil Engineering,2023,True,Deloitte,28960.0,9.0,Cloud Computing
277,Shannon Allen,30,Female,Education,2024,False,,,,Java
278,Joseph Ashley,32,Female,Law,2023,True,Takealot,31348.0,10.0,Python
279,Chad Morgan,35,Female,Education,2024,False,,,,Machine Learning
280,Colleen Morgan,33,Female,B Com Accounting,2025,False,,,,SQL
281,Suzanne Gonzales,21,Female,Data Science,2024,False,,,,Excel
282,Francisco Turner,33,Male,Law,2024,False,,,,PowerBI
283,Emily Miller,21,Male,B Com Accounting,2025,True,Amazon,50582.0,2.0,Excel
284,Dr. Kelly Warren,33,Male,Marketing,2025,True,Amazon,16147.0,2.0,PowerBI
285,Julie Cantu,35,Male,Law,2024,True,Deloitte,26301.0,3.0,Python
286,Samuel Stanley,21,Male,Computer Science,2025,True,Capitec,45002.0,7.0,Python
287,Mr. Bradley Cruz,32,Female,B Com Accounting,2025,False,,,,Java
288,Marcus Baker,23,Male,Data Science,2025,True,Standard Bank,55451.0,7.0,PowerBI
289,Robert Jones,28,Male,Law,2024,False,,,,PowerBI
290,Michael Ware,30,Female,Marketing,2024,False,,,,Machine Learning
291,Craig Thompson,22,Female,Civil Engineering,2024,True,Accenture,43908.0,8.0,Excel
292,Chris Bryant,23,Male,Data Science,2025,True,Standard Bank,23025.0,11.0,PowerBI
293,Brittney Reyes,26,Male,Education,2023,False,,,,Java
294,Robert Chan,29,Male,Data Science,2023,False,,,,Cloud Computing
295,Angela Reed,33,Male,Marketing,2023,True,Vodacom,26090.0,7.0,Java
296,Terri Molina,22,Female,Education,2025,False,,,,Java
297,Dan Humphrey,26,Female,Education,2023,False,,,,Python
298,Dustin Martinez,27,Female,B Com Accounting,2023,True,Takealot,37288.0,8.0,Excel
299,Jeff West,30,Female,Computer Science,2024,False,,,,Java
300,Shelby Armstrong,27,Male,Education,2023,False,,,,Excel
301,Christopher Rios,22,Female,B Com Accounting,2023,True,Vodacom,15083.0,10.0,Communication
302,Patrick Santiago,31,Female,Information Systems,2024,False,,,,Excel
303,Peter Boyd,27,Male,Computer Science,2023,False,,,,Communication
304,Daniel Whitney,21,Male,B Com Accounting,2023,True,Shoprite,16938.0,5.0,PowerBI
305,Tracy Mckee,23,Male,Law,2025,False,,,,Machine Learning
306,Kelly Soto,29,Female,Computer Science,2023,True,Discovery,37123.0,2.0,Excel
307,Terry Perez,31,Female,Marketing,2024,True,Standard Bank,40232.0,3.0,Python
308,Alyssa Patel,35,Female,Data Science,2024,True,Standard Bank,40668.0,9.0,PowerBI
309,Joel Long,29,Male,Computer Science,2023,False,,,,SQL
310,Karen Wilcox,32,Male,Civil Engineering,2023,False,,,,Cloud Computing
311,Sarah Smith,26,Female,Civil Engineering,2023,True,Discovery,45295.0,2.0,PowerBI
312,Carolyn Moore,22,Female,Computer Science,2023,False,,,,Python
313,Kelsey Kline,28,Female,Education,2023,True,Standard Bank,58549.0,5.0,Communication
314,Teresa Christensen,33,Female,Computer Science,2023,False,,,,Python
315,Ashley Stevens,31,Male,B Com Accounting,2024,False,,,,PowerBI
316,Christina Stanton,24,Male,Civil Engineering,2025,False,,,,Excel
317,Todd Benitez,22,Female,Information Systems,2023,False,,,,Excel
318,Adam Miller,25,Male,Computer Science,2024,True,Deloitte,54294.0,8.0,Cloud Computing
319,James Walters,24,Male,Law,2023,True,Takealot,28130.0,1.0,SQL
320,Edward Ortiz,31,Female,Information Systems,2024,True,Capitec,51954.0,7.0,Communication
321,Scott Stevens,27,Female,Marketing,2024,False,,,,Java
322,Tyler Cox,32,Male,Data Science,2023,False,,,,Java
323,Michelle Davis,22,Female,Information Systems,2025,False,,,,PowerBI
324,Alejandro Rodriguez,35,Female,Information Systems,2023,False,,,,Communication
325,Dustin Davis,29,Male,Education,2023,True,Shoprite,42014.0,9.0,Java
326,Molly Smith,23,Male,Computer Science,2025,True,Deloitte,23418.0,1.0,Machine Learning
327,Morgan Meza,26,Male,Education,2024,True,Amazon,21221.0,6.0,Cloud Computing
328,Jennifer Hodge,21,Female,B Com Accounting,2025,True,Amazon,54344.0,6.0,Excel
329,Emily Dixon,27,Male,Civil Engineering,2025,False,,,,PowerBI
330,Jessica Leach,22,Female,Marketing,2025,True,Vodacom,56082.0,1.0,PowerBI
331,Michelle Brandt,26,Female,Civil Engineering,2023,False,,,,Communication
332,Jennifer Lewis,34,Female,Marketing,2023,False,,,,PowerBI
333,Rhonda Hahn,25,Male,Civil Engineering,2025,True,Standard Bank,57730.0,8.0,Machine Learning
334,Gabrielle Evans,21,Male,Information Systems,2024,False,,,,Java
335,Monica Henry,31,Male,B Com Accounting,2024,True,Amazon,33555.0,5.0,Java
336,Faith Salazar,26,Male,Marketing,2023,False,,,,Python
337,Jack Johnson,22,Male,Information Systems,2024,True,Shoprite,56013.0,4.0,PowerBI
338,Stephen Perez,32,Female,Law,2023,False,,,,Python
339,Eric Liu,32,Male,Data Science,2024,True,Standard Bank,21630.0,12.0,Machine Learning
340,Kaitlyn Hughes,26,Female,Education,2023,False,,,,Communication
341,Ashley Hartman,24,Male,Education,2025,False,,,,PowerBI
342,David Perez,24,Male,Law,2024,True,Standard Bank,22360.0,6.0,Cloud Computing
343,Christine Rowe,30,Male,Information Systems,2024,False,,,,Communication
344,Mallory Johnson,27,Male,Education,2024,True,Standard Bank,51607.0,9.0,Java
345,Crystal Riley,27,Female,Civil Engineering,2025,True,Standard Bank,40623.0,5.0,PowerBI
346,Claudia Hawkins,28,Female,Data Science,2024,False,,,,Cloud Computing
347,Mark Reyes,28,Female,Civil Engineering,2023,True,Discovery,57788.0,11.0,Communication
348,Danielle Heath,23,Female,B Com Accounting,2025,False,,,,Python
349,Jamie Davidson,23,Male,Education,2024,False,,,,Python
350,Maria Williams,32,Male,B Com Accounting,2023,False,,,,PowerBI
351,David Phillips,32,Male,Education,2024,False,,,,Communication
352,Tanya Cortez,31,Female,Data Science,2024,False,,,,SQL
353,Gregory Pearson,34,Male,Civil Engineering,2024,False,,,,Java
354,Maria Forbes,24,Female,Data Science,2025,False,,,,Excel
355,Mrs. Jessica Kelly,35,Female,Data Science,2024,True,Deloitte,47802.0,1.0,Python
356,Andrew Hampton,27,Female,Law,2025,False,,,,Machine Learning
357,Clifford Mckinney MD,24,Female,Marketing,2024,True,Discovery,35671.0,7.0,Machine Learning
358,Larry Mendoza,35,Male,Information Systems,2025,False,,,,Excel
359,Jessica Perkins,29,Female,Information Systems,2023,True,Vodacom,50052.0,4.0,Machine Learning
360,Andrew Mahoney,30,Male,Data Science,2023,False,,,,Java
361,James Long,29,Female,Data Science,2023,True,Vodacom,38477.0,4.0,Cloud Computing
362,Mary White,33,Male,Data Science,2023,False,,,,Excel
363,Albert Fox,21,Female,Law,2025,True,Takealot,23559.0,9.0,Machine Learning
364,Timothy Norman,27,Male,Education,2025,False,,,,Excel
365,Jennifer Castillo,25,Male,Computer Science,2024,True,Standard Bank,38272.0,5.0,Excel
366,Gabriel Cook,34,Female,Data Science,2024,False,,,,Cloud Computing
367,Jeffrey Perez,29,Male,Civil Engineering,2023,False,,,,Python
368,John Hall,22,Female,Data Science,2025,False,,,,Java
369,Robert Jones,26,Male,Marketing,2025,False,,,,Python
370,Megan Joseph,22,Female,Education,2025,True,Takealot,34527.0,3.0,Java
371,Gregory Baker,30,Female,B Com Accounting,2024,False,,,,PowerBI
372,Calvin Goodman,26,Female,Computer Science,2025,True,Amazon,51335.0,9.0,Communication
373,Sarah Nelson,33,Female,Information Systems,2025,False,,,,SQL
374,John Taylor,24,Female,B Com Accounting,2024,False,,,,Machine Learning
375,William Johnson,26,Male,Computer Science,2023,False,,,,SQL
376,Steven Ibarra,22,Male,Information Systems,2025,True,Discovery,38246.0,7.0,Python
377,Ryan Lucas,24,Male,Civil Engineering,2023,False,,,,PowerBI
378,Audrey Ramirez,21,Male,Data Science,2023,True,Amazon,40207.0,5.0,Excel
379,Brandi Cohen,22,Female,Information Systems,2023,True,Discovery,27460.0,8.0,Excel
380,John Smith,29,Male,Marketing,2023,False,,,,Python
381,Valerie Day,23,Male,Civil Engineering,2024,False,,,,Excel
382,Luis Oconnell,23,Female,Civil Engineering,2024,False,,,,Python
383,Sean Ayala,21,Male,Information Systems,2025,False,,,,PowerBI
384,Lucas Murphy,27,Male,Law,2023,False,,,,Excel
385,Joanna Manning,33,Male,Law,2025,False,,,,PowerBI
386,Michael Harris,22,Male,Computer Science,2025,True,Takealot,16772.0,4.0,Python
387,Debra Bryan,21,Male,Computer Science,2023,False,,,,Machine Learning
388,Aaron Moreno,35,Female,B Com Accounting,2025,True,Amazon,39718.0,12.0,Machine Learning
389,Tonya Ramirez,35,Female,Law,2024,False,,,,Machine Learning
390,Tammy Brown,33,Male,Data Science,2025,True,Takealot,34381.0,5.0,Python
391,Michelle Whitehead,21,Male,Information Systems,2024,True,Standard Bank,29160.0,6.0,Excel
392,Mason Martin,31,Female,Information Systems,2025,False,,,,SQL
393,Justin Foster,22,Male,Computer Science,2023,False,,,,Machine Learning
394,Sherry Trujillo,25,Male,B Com Accounting,2024,False,,,,PowerBI
395,Kimberly Mcclure,25,Female,Information Systems,2024,True,Shoprite,29449.0,3.0,SQL
396,Victoria Ramos,31,Female,Education,2024,True,Takealot,23679.0,3.0,Cloud Computing
397,Amanda Buchanan,25,Female,Civil Engineering,2023,True,Standard Bank,33155.0,6.0,Communication
398,Thomas Powell,28,Female,Education,2024,False,,,,Cloud Computing
399,David Lowe,23,Female,Law,2025,False,,,,Excel
400,Carlos Elliott,32,Male,Marketing,2023,False,,,,SQL
401,Adrienne Clements,32,Male,Marketing,2025,True,Deloitte,27463.0,8.0,SQL
402,Randy Wolf,28,Female,Computer Science,2025,False,,,,Python
403,Kenneth Taylor,29,Female,Education,2024,False,,,,Java
404,Chad Williams,27,Male,Education,2025,False,,,,Java
405,Paul Jones,24,Female,Civil Engineering,2024,False,,,,Cloud Computing
406,Dawn Stewart,24,Female,Education,2025,False,,,,Java
407,Belinda Hickman,24,Male,Civil Engineering,2024,False,,,,SQL
408,Brent Ferguson,33,Male,Law,2025,True,Deloitte,38780.0,6.0,PowerBI
409,Tammy Garcia,27,Male,Marketing,2025,False,,,,Cloud Computing
410,Anna Blankenship,32,Male,Data Science,2024,False,,,,Communication
411,Alec Mcgee,26,Male,Information Systems,2025,True,Discovery,46156.0,12.0,Excel
412,Laura Dawson,30,Male,Computer Science,2025,True,Vodacom,35716.0,7.0,Java
413,Reginald Kelley,33,Male,Information Systems,2025,False,,,,Machine Learning
414,Teresa Moses,28,Female,Civil Engineering,2025,True,Takealot,26699.0,4.0,Cloud Computing
415,Robin Gutierrez,34,Male,Marketing,2023,False,,,,Communication
416,Dawn Little,31,Female,Computer Science,2025,False,,,,PowerBI
417,Bryce Hanson,23,Female,Law,2024,True,Standard Bank,35698.0,12.0,Java
418,Kimberly Ramos,28,Male,Education,2023,False,,,,Machine Learning
419,Vicki Stewart,22,Female,Law,2025,True,Discovery,18104.0,10.0,PowerBI
420,Becky Price,29,Female,Law,2024,False,,,,PowerBI
421,Cody Garcia,27,Male,B Com Accounting,2024,False,,,,SQL
422,Jared Mcclain,26,Female,Law,2023,True,Discovery,32460.0,12.0,SQL
423,Karen Russell,24,Female,Law,2024,False,,,,SQL
424,Lisa Stewart,33,Female,B Com Accounting,2024,True,Vodacom,23660.0,6.0,Java
425,Patrick Smith,35,Female,B Com Accounting,2024,False,,,,Excel
426,Barbara Stokes,32,Female,Education,2025,False,,,,Cloud Computing
427,Julie Richardson,26,Male,Civil Engineering,2024,False,,,,Cloud Computing
428,Brianna Greer,22,Female,Information Systems,2025,False,,,,Communication
429,Clinton Abbott,21,Female,Computer Science,2025,False,,,,PowerBI
430,James Smith,25,Male,Education,2025,False,,,,Excel
431,Gabriel Tran,29,Male,Data Science,2025,False,,,,Java
432,Sarah Villa,21,Male,Marketing,2023,False,,,,SQL
433,Andrew Fisher,33,Female,Education,2025,False,,,,PowerBI
434,Bryan Lozano,27,Female,Civil Engineering,2023,True,Shoprite,30207.0,1.0,Machine Learning
435,Hannah Chen,24,Female,Law,2023,False,,,,Communication
436,Matthew Gross,26,Male,Civil Engineering,2025,True,Amazon,33884.0,11.0,PowerBI
437,Ellen Foster,26,Male,Data Science,2023,True,Accenture,31775.0,8.0,Excel
438,Jeffery Cooper,26,Female,Data Science,2024,True,Capitec,25081.0,3.0,Cloud Computing
439,Tina Cantu,23,Female,Education,2025,False,,,,Python
440,Jessica Munoz,26,Male,Computer Science,2023,False,,,,Excel
441,Erica Hopkins,24,Male,Information Systems,2024,True,Accenture,43237.0,9.0,Python
442,Justin Donaldson,25,Male,Law,2024,True,Capitec,21740.0,1.0,Cloud Computing
443,Kyle Jones,26,Female,Education,2023,True,Amazon,56162.0,10.0,PowerBI
444,Michael Scott,35,Female,Marketing,2024,True,Standard Bank,55795.0,11.0,PowerBI
445,Kenneth Wise,21,Male,Data Science,2023,False,,,,Java
446,Cristian Martinez,32,Female,Computer Science,2024,True,Discovery,41799.0,9.0,Cloud Computing
447,Denise Hayden,32,Male,Law,2024,False,,,,Cloud Computing
448,Laura Hurst,23,Female,Data Science,2024,False,,,,Java
449,Jeffrey Smith,35,Female,Law,2025,True,Shoprite,22245.0,6.0,PowerBI
450,Elizabeth Molina,32,Female,B Com Accounting,2024,True,Discovery,56330.0,2.0,SQL
451,Julie Chen,33,Male,Civil Engineering,2025,False,,,,Machine Learning
452,Courtney Brock,27,Female,Data Science,2023,False,,,,Java
453,Samantha Duarte,28,Female,Marketing,2025,True,Accenture,33697.0,7.0,Java
454,Kelsey Colon,22,Female,B Com Accounting,2023,False,,,,PowerBI
455,Scott Johnson,22,Male,Computer Science,2025,True,Shoprite,43756.0,11.0,SQL
456,Melissa Mcintosh,25,Female,Computer Science,2023,True,Amazon,46848.0,10.0,Java
457,Margaret Chan,30,Female,B Com Accounting,2023,False,,,,Cloud Computing
458,Sylvia Hurley,25,Female,Marketing,2024,False,,,,Communication
459,Sophia Lewis,28,Male,Information Systems,2025,True,Amazon,58834.0,1.0,Python
460,Christian Paul,32,Male,Education,2025,True,Capitec,46496.0,8.0,Machine Learning
461,Zachary Valenzuela,21,Male,Education,2025,True,Shoprite,15967.0,10.0,Communication
462,Heidi Jones,21,Male,Law,2025,True,Accenture,30475.0,2.0,Python
463,Stephanie Diaz,27,Female,Computer Science,2023,False,,,,Python
464,David Ortega,22,Male,Law,2023,True,Amazon,32729.0,10.0,Python
465,Lori Tran,30,Male,Data Science,2023,False,,,,Java
466,Robert Acevedo,24,Male,Computer Science,2023,False,,,,Java
467,Kenneth Johnson,25,Female,Data Science,2025,True,Vodacom,34712.0,7.0,SQL
468,Christopher Sampson,25,Female,Marketing,2024,False,,,,Cloud Computing
469,John Morse,35,Male,Education,2024,True,Takealot,22666.0,11.0,Java
470,Jerry Molina,30,Female,Information Systems,2025,False,,,,Python
471,William Larson,32,Female,B Com Accounting,2025,False,,,,PowerBI
472,Veronica Miller,35,Female,Data Science,2023,True,Discovery,40383.0,3.0,Java
473,Anita Macias,23,Female,Civil Engineering,2025,False,,,,Python
474,Bryan Welch,35,Male,Computer Science,2024,True,Amazon,56455.0,11.0,SQL
475,Anthony Watts,22,Male,B Com Accounting,2023,True,Deloitte,33911.0,11.0,PowerBI
476,Christina Trevino,27,Female,B Com Accounting,2025,False,,,,Java
477,Tara Welch,29,Male,Education,2023,False,,,,Excel
478,Holly Hobbs,30,Male,Information Systems,2024,False,,,,Java
479,Vanessa Waters,24,Female,Civil Engineering,2024,False,,,,PowerBI
480,Zachary Robertson,22,Female,Law,2025,True,Standard Bank,20852.0,5.0,Cloud Computing
481,William Miller,28,Female,Law,2025,True,Discovery,49832.0,3.0,PowerBI
482,Deborah Parks,33,Female,B Com Accounting,2025,False,,,,Communication
483,Kristine Black,23,Male,Marketing,2025,True,Takealot,18878.0,8.0,Communication
484,Shelby Livingston,21,Male,Civil Engineering,2025,False,,,,PowerBI
485,Elizabeth Payne,28,Male,Data Science,2024,True,Shoprite,50715.0,11.0,Cloud Computing
486,Aaron Moss,31,Male,Law,2023,True,Vodacom,49028.0,9.0,PowerBI
487,Victoria Dawson,28,Male,Data Science,2023,False,,,,SQL
488,Dana Collins,34,Male,B Com Accounting,2023,False,,,,Python
489,Christopher Hawkins,23,Female,Law,2025,False,,,,Cloud Computing
490,Adam White,30,Female,B Com Accounting,2024,True,Shoprite,48187.0,2.0,Excel
491,Kevin Anderson,21,Female,Civil Engineering,2023,False,,,,Communication
492,Bryan Porter,34,Female,Information Systems,2024,True,Standard Bank,33694.0,9.0,SQL
493,Stephanie Sanders,24,Female,Education,2025,True,Standard Bank,27777.0,2.0,Excel
494,Janet Peterson,33,Male,Law,2024,True,Shoprite,15061.0,3.0,Python
495,Renee Gonzalez,24,Male,Law,2023,False,,,,Machine Learning
496,Brian Harris,27,Male,Information Systems,2025,True,Amazon,36826.0,6.0,Cloud Computing
497,Nicole Ashley,29,Female,Civil Engineering,2024,False,,,,Java
498,Jeffrey Hernandez,23,Female,Data Science,2023,True,Deloitte,21053.0,10.0,PowerBI
499,Diane Gallegos,33,Female,Information Systems,2024,False,,,,Java
500,Sherry Tucker,26,Female,Law,2025,False,,,,Java
501,Matthew Jones,23,Male,B Com Accounting,2024,True,Takealot,43732.0,6.0,Excel
502,Melissa Carpenter,28,Male,Civil Engineering,2023,True,Vodacom,27501.0,3.0,Python
503,Dawn Phillips,23,Male,Education,2024,False,,,,Python
504,Jeffrey Cruz,30,Male,Civil Engineering,2024,False,,,,Excel
505,Adam Garcia,26,Female,B Com Accounting,2024,False,,,,Communication
506,Michelle Krueger,25,Male,Data Science,2024,False,,,,Cloud Computing
507,Donna Davis,35,Female,Civil Engineering,2023,False,,,,Excel
508,Rebekah Boyd,22,Male,Law,2025,True,Takealot,16391.0,11.0,Excel
509,Francis Roman,26,Male,Computer Science,2025,True,Shoprite,18269.0,3.0,Machine Learning
510,Meagan Kelly,32,Female,Information Systems,2023,True,Vodacom,19066.0,5.0,SQL
511,Jennifer Jackson,24,Female,B Com Accounting,2023,False,,,,Python
512,Michael Zhang,28,Male,Education,2023,False,,,,PowerBI
513,Dennis Green,34,Male,Education,2023,True,Amazon,22354.0,12.0,Communication
514,Cristian Poole,34,Female,Education,2025,False,,,,Machine Learning
515,Olivia Khan,35,Male,Law,2023,False,,,,PowerBI
516,Mary Lambert,34,Female,Civil Engineering,2023,False,,,,SQL
517,Bradley Cameron MD,35,Male,Law,2023,True,Accenture,38446.0,7.0,PowerBI
518,Erik Ramirez Jr.,31,Female,Information Systems,2024,True,Shoprite,18422.0,7.0,Python
519,Tyler Brown,33,Female,Information Systems,2025,True,Standard Bank,24537.0,5.0,Machine Learning
520,Daniel Chang,23,Male,Civil Engineering,2023,False,,,,Excel
521,Roger Fisher,30,Female,B Com Accounting,2025,True,Standard Bank,52374.0,12.0,PowerBI
522,Victoria Gordon,26,Female,Law,2023,True,Capitec,44130.0,12.0,Java
523,Theresa Jackson,34,Female,Computer Science,2023,False,,,,Communication
524,Brandon Rogers,33,Male,Education,2025,True,Vodacom,59443.0,9.0,Python
525,James Lee,21,Male,Information Systems,2023,True,Discovery,37701.0,11.0,Communication
526,Kevin Johnson,29,Male,B Com Accounting,2023,False,,,,Cloud Computing
527,John Hanson,26,Male,Data Science,2024,True,Accenture,20243.0,11.0,Java
528,Erika Zimmerman MD,27,Male,Education,2024,True,Deloitte,33939.0,9.0,Python
529,Joseph Huang,24,Male,Information Systems,2025,True,Shoprite,54935.0,9.0,Communication
530,Michael Moreno,34,Female,Information Systems,2025,False,,,,SQL
531,Patricia York,25,Female,Law,2025,False,,,,Cloud Computing
532,Mr. Joshua Collins,31,Female,Computer Science,2024,False,,,,Machine Learning
533,Jacob Franklin,31,Female,Civil Engineering,2025,True,Discovery,16750.0,3.0,SQL
534,Joshua Taylor,31,Female,Marketing,2023,True,Accenture,34673.0,6.0,Excel
535,Ethan Sandoval,32,Female,Information Systems,2025,True,Amazon,21228.0,2.0,Python
536,Colton Mccarthy,28,Male,Data Science,2024,True,Amazon,32618.0,9.0,Cloud Computing
537,Molly Rivers,27,Female,B Com Accounting,2023,False,,,,Cloud Computing
538,Clinton Howard,23,Female,Education,2025,False,,,,PowerBI
539,Christopher George,27,Female,B Com Accounting,2023,True,Deloitte,18431.0,9.0,Machine Learning
540,Matthew Santos,24,Male,Marketing,2024,True,Deloitte,22871.0,9.0,PowerBI
541,Nicole Martinez,33,Female,Law,2023,True,Vodacom,40191.0,7.0,Excel
542,William Adkins,24,Male,Law,2023,False,,,,Java
543,Daniel Rodriguez,25,Female,Law,2023,False,,,,Cloud Computing
544,Keith Dudley,33,Male,B Com Accounting,2025,True,Vodacom,32656.0,12.0,Excel
545,Tammy Campbell,21,Female,Data Science,2023,False,,,,Excel
546,Joshua Klein,34,Female,Data Science,2024,False,,,,Cloud Computing
547,Abigail Lopez,23,Female,Law,2024,True,Amazon,17292.0,3.0,Python
548,Andrea Miller,32,Female,Computer Science,2025,True,Standard Bank,59512.0,11.0,SQL
549,Ryan Romero,24,Male,Information Systems,2023,True,Standard Bank,46128.0,11.0,Excel
550,Katherine White,33,Female,Information Systems,2023,False,,,,Python
551,Jacob Richardson,22,Female,Marketing,2025,False,,,,Machine Learning
552,Andrea Steele,21,Male,Law,2023,False,,,,Java
553,Leonard Barnes,28,Male,Computer Science,2023,False,,,,Machine Learning
554,Andrea Stevens,26,Female,Information Systems,2025,False,,,,PowerBI
555,Richard Ramirez,23,Male,B Com Accounting,2023,False,,,,Java
556,David Graham,31,Female,Marketing,2024,True,Shoprite,54368.0,3.0,Excel
557,Benjamin Cooper,28,Female,Computer Science,2025,True,Standard Bank,41806.0,4.0,SQL
558,Joseph Mills,32,Female,Law,2024,False,,,,Excel
559,Erika Moyer,34,Female,Computer Science,2024,True,Accenture,53869.0,7.0,Java
560,Mckenzie Cummings,34,Male,Law,2023,False,,,,Machine Learning
561,Dan Cook,34,Male,Education,2024,False,,,,PowerBI
562,Deborah Johnson,33,Female,Law,2024,False,,,,Machine Learning
563,Stephen Miller,21,Male,Law,2023,False,,,,Python
564,John Perez,27,Male,Data Science,2025,False,,,,Machine Learning
565,Kelly Young,33,Female,Marketing,2025,False,,,,SQL
566,Robert Robles,31,Male,Marketing,2023,False,,,,PowerBI
567,Maurice Nelson,31,Female,Education,2025,True,Standard Bank,35617.0,12.0,Excel
568,Scott Stone,24,Male,Computer Science,2024,True,Takealot,58739.0,10.0,PowerBI
569,Yolanda Mcdonald,23,Female,Marketing,2025,False,,,,Communication
570,Maria Grant,23,Female,Information Systems,2023,False,,,,Machine Learning
571,Daniel Hall,21,Male,Computer Science,2023,True,Standard Bank,38443.0,12.0,Java
572,Michael Swanson,25,Female,Civil Engineering,2025,True,Capitec,39255.0,10.0,Cloud Computing
573,Patricia Matthews,29,Female,Computer Science,2025,True,Amazon,43130.0,4.0,PowerBI
574,Kenneth Harris,23,Female,Information Systems,2023,True,Standard Bank,18173.0,3.0,PowerBI
575,Patricia Vargas,21,Female,Education,2025,True,Amazon,24129.0,8.0,Excel
576,Stephanie Rivera,27,Male,Law,2025,False,,,,Excel
577,Chris Fernandez,26,Male,Education,2025,False,,,,Python
578,Maria Mathews,26,Male,Civil Engineering,2024,False,,,,PowerBI
579,Teresa Baker DDS,31,Female,Computer Science,2024,False,,,,Python
580,Sarah Brown,27,Male,Marketing,2024,True,Amazon,30991.0,3.0,PowerBI
581,Emily Gray,24,Male,Education,2025,True,Vodacom,51785.0,8.0,SQL
582,Samantha Harrington,33,Female,Computer Science,2023,False,,,,Machine Learning
583,John Gomez,35,Female,B Com Accounting,2024,True,Standard Bank,37966.0,11.0,Python
584,Amy Caldwell,30,Male,Education,2024,True,Deloitte,17773.0,10.0,Java
585,Dawn Kline,30,Female,Information Systems,2024,False,,,,Machine Learning
586,Wendy Dudley,32,Female,Marketing,2025,False,,,,PowerBI
587,Michael Murillo,28,Male,Data Science,2025,False,,,,Java
588,Maria Hawkins,26,Male,Data Science,2024,False,,,,Communication
589,Ashley Shelton,33,Male,Education,2023,True,Takealot,26540.0,6.0,Cloud Computing
590,Kathryn Martinez,26,Female,Computer Science,2023,False,,,,SQL
591,William Hale,35,Male,Information Systems,2023,True,Vodacom,45274.0,6.0,Cloud Computing
592,Jennifer Garcia,23,Female,Civil Engineering,2023,False,,,,Cloud Computing
593,Patrick Salas,25,Male,Computer Science,2023,True,Standard Bank,35695.0,8.0,Python
594,Brenda Patel,30,Male,Computer Science,2024,True,Capitec,31771.0,7.0,Python
595,Lindsey Gutierrez,24,Female,Information Systems,2025,True,Amazon,22926.0,12.0,Excel
596,Rachel Little,23,Male,Data Science,2023,False,,,,Excel
597,Michael Johnson,24,Female,Data Science,2023,True,Amazon,38297.0,12.0,Java
598,Matthew Knight,32,Female,Law,2024,True,Vodacom,57850.0,3.0,Python
599,Donna Sandoval,22,Male,Civil Engineering,2024,False,,,,PowerBI
600,Brandy Smith,35,Male,Computer Science,2025,True,Standard Bank,37476.0,2.0,Java
601,Jacob Jones,27,Female,Civil Engineering,2025,False,,,,Communication
602,Tracy Brady,24,Male,Marketing,2023,False,,,,Excel
603,John Chung,34,Female,Marketing,2024,True,Capitec,47270.0,12.0,Cloud Computing
604,Adam West,32,Male,Computer Science,2024,True,Vodacom,32537.0,9.0,SQL
605,Paul Leonard,29,Female,B Com Accounting,2023,False,,,,PowerBI
606,Kathy Rivera,35,Female,Data Science,2025,True,Vodacom,26955.0,2.0,Machine Learning
607,Jonathan Henderson,22,Female,Information Systems,2024,False,,,,Communication
608,Brandon Young,31,Male,Computer Science,2024,True,Takealot,24358.0,11.0,PowerBI
609,Melissa Gonzalez,34,Male,Information Systems,2025,False,,,,Python
610,Kayla Hill,26,Male,Data Science,2023,False,,,,Java
611,David Curtis,32,Male,Information Systems,2025,True,Capitec,28125.0,4.0,Java
612,Kyle Holland,27,Male,Data Science,2024,True,Amazon,30415.0,5.0,Excel
613,David Smith,28,Male,Law,2023,True,Shoprite,23743.0,8.0,Python
614,Tyrone Willis,28,Male,Civil Engineering,2024,True,Standard Bank,39328.0,8.0,Excel
615,David Howell,31,Female,Data Science,2023,False,,,,PowerBI
616,Robert Lee,29,Male,Law,2023,True,Vodacom,16251.0,7.0,Cloud Computing
617,Anna Evans,21,Male,B Com Accounting,2024,True,Amazon,24355.0,6.0,PowerBI
618,Dr. Madison Miller,23,Male,Information Systems,2024,False,,,,Machine Learning
619,Pedro Fisher,29,Male,Computer Science,2023,False,,,,Communication
620,Timothy Leonard,24,Female,Data Science,2023,True,Shoprite,48779.0,5.0,Python
621,Mary Beard,28,Male,Education,2024,False,,,,Python
622,Jonathan Murphy,28,Male,B Com Accounting,2024,False,,,,Machine Learning
623,Roger Smith,30,Female,B Com Accounting,2023,True,Capitec,44156.0,4.0,Cloud Computing
624,Justin Schwartz,22,Male,Marketing,2024,False,,,,Excel
625,Michael Hart,24,Male,Civil Engineering,2023,False,,,,SQL
626,William Roth,25,Male,Law,2024,False,,,,Communication
627,Angela Martin,28,Female,Information Systems,2023,True,Takealot,58713.0,9.0,Excel
628,Morgan Adams,31,Female,B Com Accounting,2025,False,,,,Java
629,Renee Perry,31,Male,Civil Engineering,2023,True,Standard Bank,33130.0,8.0,Java
630,Jennifer Johnson,24,Male,Education,2024,True,Takealot,18398.0,4.0,Java
631,Katherine Hood,21,Male,Information Systems,2025,True,Discovery,16284.0,7.0,SQL
632,Barbara Walker,24,Female,Data Science,2023,True,Vodacom,33324.0,12.0,Python
633,Sierra Waters,28,Male,Education,2024,True,Capitec,44598.0,7.0,Excel
634,Mark Robertson,24,Male,Data Science,2025,True,Accenture,59188.0,4.0,Machine Learning
635,Jordan Hanna,33,Male,B Com Accounting,2025,False,,,,Cloud Computing
636,Robin Henderson,29,Female,B Com Accounting,2023,True,Deloitte,49163.0,7.0,Machine Learning
637,Debra Lewis,28,Male,Law,2025,False,,,,Excel
638,Jasmine Andrews,32,Male,Computer Science,2024,True,Takealot,35311.0,12.0,Cloud Computing
639,Melissa Morris,29,Female,Education,2025,False,,,,PowerBI
640,Melanie Holmes,28,Female,Education,2024,True,Vodacom,45813.0,6.0,Python
641,Cristian Townsend,31,Female,Marketing,2023,True,Deloitte,58648.0,10.0,Machine Learning
642,Cynthia Krause,29,Male,Computer Science,2025,True,Accenture,59206.0,6.0,Python
643,Deborah Morris,35,Female,Data Science,2024,True,Amazon,20915.0,10.0,Java
644,Antonio Smith,35,Female,B Com Accounting,2025,False,,,,Java
645,Kimberly Rodriguez,22,Male,Civil Engineering,2023,True,Vodacom,58194.0,5.0,SQL
646,Charles Aguilar,27,Female,Civil Engineering,2024,False,,,,SQL
647,Heather Vasquez,34,Female,Marketing,2025,True,Shoprite,27548.0,3.0,Excel
648,Nicholas George,23,Male,Information Systems,2023,False,,,,Excel
649,Jonathan Phillips,33,Male,Education,2025,True,Deloitte,40070.0,3.0,Machine Learning
650,Elizabeth Smith,31,Male,Computer Science,2023,False,,,,SQL
651,Jose Anderson,30,Female,B Com Accounting,2023,True,Accenture,44000.0,11.0,Cloud Computing
652,Michael Clements,25,Female,Information Systems,2023,False,,,,SQL
653,April Townsend,22,Female,Marketing,2023,False,,,,Java
654,Anna Johnson,30,Male,Education,2023,True,Discovery,20060.0,4.0,SQL
655,Zachary Jones,21,Female,Marketing,2025,False,,,,Cloud Computing
656,Jason Elliott,22,Male,Civil Engineering,2024,True,Accenture,36192.0,1.0,Cloud Computing
657,Kyle Diaz,33,Male,Law,2023,False,,,,Cloud Computing
658,Margaret Bean,30,Female,Information Systems,2023,True,Amazon,39420.0,3.0,PowerBI
659,Oscar Barnett,22,Male,Law,2025,False,,,,Machine Learning
660,Eric Jackson,34,Male,Computer Science,2023,False,,,,Excel
661,Scott Howe,23,Male,Data Science,2024,False,,,,PowerBI
662,Kimberly Smith,29,Male,Civil Engineering,2024,False,,,,PowerBI
663,Sally Terry,35,Male,Law,2025,False,,,,Java
664,Kevin Thomas,26,Female,Marketing,2023,False,,,,Communication
665,Angela Willis,29,Female,Data Science,2023,False,,,,Java
666,Roberta Wise,25,Female,Information Systems,2024,False,,,,Machine Learning
667,Christian Sellers,23,Female,Computer Science,2023,True,Amazon,53015.0,3.0,SQL
668,Carrie Tanner,34,Female,Computer Science,2025,True,Amazon,15860.0,3.0,Machine Learning
669,Corey Soto,25,Male,Civil Engineering,2025,True,Standard Bank,34468.0,4.0,SQL
670,James Williams,27,Female,Marketing,2024,True,Discovery,31040.0,1.0,SQL
671,Angela Manning,31,Female,Data Science,2023,False,,,,Machine Learning
672,Audrey James,25,Male,Data Science,2023,False,,,,Excel
673,Mr. Timothy Park IV,27,Male,Marketing,2024,False,,,,Cloud Computing
674,Joel Knapp,32,Male,B Com Accounting,2025,False,,,,Communication
675,Ronald Barron,28,Female,B Com Accounting,2025,True,Accenture,43128.0,12.0,Cloud Computing
676,David Davis,28,Male,Law,2023,True,Standard Bank,41465.0,2.0,Python
677,Alyssa Stewart,31,Male,Civil Engineering,2025,True,Capitec,24055.0,9.0,Cloud Computing
678,Jacqueline Hickman,32,Male,Marketing,2025,False,,,,Communication
679,Lisa Mcmahon,28,Female,Information Systems,2025,False,,,,Cloud Computing
680,Jacob Cunningham,28,Male,B Com Accounting,2024,False,,,,Communication
681,Mark Ray,29,Male,B Com Accounting,2024,False,,,,Cloud Computing
682,Sean Montoya,34,Male,Data Science,2023,True,Takealot,48578.0,9.0,Machine Learning
683,Jason Spencer,31,Female,Civil Engineering,2024,False,,,,Java
684,Steven Rodriguez,25,Male,Computer Science,2025,False,,,,Communication
685,William Walker,29,Male,B Com Accounting,2025,False,,,,PowerBI
686,Teresa Smith,28,Male,Information Systems,2024,True,Standard Bank,26385.0,11.0,Cloud Computing
687,Parker Wallace,22,Male,Marketing,2024,True,Deloitte,23912.0,7.0,PowerBI
688,Jonathan Shields,21,Female,Civil Engineering,2023,False,,,,Excel
689,Jordan Owen,24,Female,Education,2023,False,,,,PowerBI
690,Adam Brewer,28,Female,B Com Accounting,2025,True,Deloitte,37164.0,1.0,Excel
691,Jennifer Stout,27,Male,B Com Accounting,2023,True,Standard Bank,51448.0,7.0,PowerBI
692,Corey Johnson,33,Male,Computer Science,2025,True,Shoprite,31382.0,9.0,Python
693,Jamie Freeman,25,Female,Education,2025,True,Vodacom,47648.0,2.0,Machine Learning
694,Pamela Phelps,33,Female,Law,2025,True,Accenture,58687.0,7.0,Cloud Computing
695,Michael Logan,29,Female,Marketing,2023,True,Accenture,27254.0,10.0,Java
696,Jennifer Bennett,28,Male,Civil Engineering,2024,True,Deloitte,59564.0,3.0,SQL
697,Heidi Fitzgerald,21,Male,Information Systems,2023,True,Shoprite,18940.0,1.0,PowerBI
698,Brian Copeland,34,Male,Data Science,2024,True,Capitec,38541.0,11.0,Cloud Computing
699,Ashley Crawford,26,Female,Marketing,2024,False,,,,PowerBI
700,William Cohen,33,Female,Information Systems,2024,False,,,,Java
701,Allison Gutierrez,28,Female,Computer Science,2024,False,,,,Cloud Computing
702,Aaron Gray,24,Male,Education,2023,False,,,,Python
703,Gary Ingram,32,Female,B Com Accounting,2024,False,,,,PowerBI
704,Krista Reynolds,34,Male,Marketing,2023,False,,,,Excel
705,Donald Buchanan,24,Female,Data Science,2025,True,Accenture,47421.0,2.0,Cloud Computing
706,Mrs. Cynthia Cole,32,Male,Education,2025,False,,,,PowerBI
707,Michael Day,23,Female,Marketing,2025,False,,,,Python
708,Lindsay Ho,31,Female,Education,2025,False,,,,Java
709,Jacob Lopez,22,Male,Law,2024,True,Takealot,34036.0,8.0,Cloud Computing
710,Andrea Osborn,31,Female,Civil Engineering,2024,False,,,,PowerBI
711,Maria Manning,30,Female,Computer Science,2023,False,,,,Communication
712,Devin Garcia,34,Male,Marketing,2023,False,,,,Machine Learning
713,Mr. Bill Reed,29,Male,Civil Engineering,2025,False,,,,Java
714,Richard Larsen,22,Male,Marketing,2024,True,Accenture,31671.0,11.0,SQL
715,William Martinez,23,Male,Law,2024,True,Standard Bank,21049.0,1.0,Excel
716,Kelly Cox,24,Male,Civil Engineering,2023,True,Vodacom,38998.0,9.0,Excel
717,Sabrina Leonard,33,Female,Law,2024,False,,,,Machine Learning
718,Alexander Turner,28,Female,Data Science,2025,False,,,,Machine Learning
719,Brandy Rowe,27,Female,Education,2025,False,,,,Communication
720,John Brown DVM,22,Male,B Com Accounting,2023,False,,,,Machine Learning
721,Melinda Velez,29,Female,Law,2023,True,Amazon,51190.0,2.0,PowerBI
722,John Murphy,26,Male,Law,2023,False,,,,Java
723,Lisa Lewis,26,Female,Law,2023,False,,,,Python
724,Justin Thomas,25,Male,Computer Science,2024,False,,,,Machine Learning
725,Phyllis Hill,28,Female,Computer Science,2024,True,Vodacom,48319.0,6.0,PowerBI
726,Timothy Rowe,22,Female,Computer Science,2024,True,Amazon,20729.0,3.0,PowerBI
727,Lori Manning,27,Female,Computer Science,2025,False,,,,Communication
728,Thomas Wong,22,Male,Civil Engineering,2025,False,,,,Excel
729,Gary Robinson,28,Male,Law,2025,True,Standard Bank,56646.0,8.0,Python
730,Robert Elliott,27,Female,Law,2023,False,,,,SQL
731,Linda Stone,31,Female,Civil Engineering,2025,False,,,,Cloud Computing
732,Cody Johnson,28,Male,B Com Accounting,2024,True,Amazon,45004.0,3.0,PowerBI
733,Roy Contreras,28,Female,B Com Accounting,2025,False,,,,PowerBI
734,Ashley Clark,26,Male,Computer Science,2025,True,Standard Bank,38903.0,8.0,Cloud Computing
735,Erin Gonzalez,29,Male,Law,2023,False,,,,SQL
736,Pamela Richards,23,Female,Civil Engineering,2024,True,Standard Bank,17943.0,9.0,Java
737,Rebecca Ortiz,33,Male,Civil Engineering,2024,True,Capitec,18869.0,2.0,Java
738,Tyler Griffin,31,Male,Information Systems,2024,True,Standard Bank,21866.0,7.0,Cloud Computing
739,Debra Tate,28,Male,Information Systems,2023,False,,,,PowerBI
740,Amanda Franklin,33,Female,B Com Accounting,2023,False,,,,Python
741,Brendan Massey,29,Male,B Com Accounting,2023,False,,,,PowerBI
742,Jason Martin,23,Female,Education,2024,False,,,,SQL
743,Cheryl Knapp,33,Male,Information Systems,2023,False,,,,Machine Learning
744,Grace Young,24,Male,Law,2024,False,,,,Java
745,Steven Bailey,35,Male,Law,2024,True,Amazon,56842.0,5.0,Java
746,Ashley Ruiz,24,Male,B Com Accounting,2023,True,Discovery,48284.0,10.0,SQL
747,Louis Mata,33,Female,Data Science,2025,True,Accenture,59015.0,5.0,Python
748,Damon Jones,25,Male,Computer Science,2025,False,,,,Communication
749,Dominic Landry,31,Female,Civil Engineering,2023,False,,,,Java
750,Elizabeth Wood,21,Female,Computer Science,2025,False,,,,Java
751,Taylor Thomas,24,Male,B Com Accounting,2025,False,,,,Java
752,Elizabeth Burke,28,Female,Information Systems,2024,False,,,,Java
753,Eric Scott,22,Female,Computer Science,2023,True,Discovery,47255.0,12.0,Excel
754,Patricia Chen,23,Male,Law,2025,True,Standard Bank,41271.0,7.0,Machine Learning
755,Parker Elliott,22,Female,Civil Engineering,2025,False,,,,Python
756,Natasha Hanson,28,Female,Law,2023,False,,,,Java
757,Emily Parsons,30,Male,Data Science,2025,False,,,,Communication
758,Jesus Miller,29,Male,Computer Science,2023,True,Vodacom,51568.0,3.0,Excel
759,Christopher Medina,28,Female,Civil Engineering,2025,False,,,,PowerBI
760,Alfred Johnston,25,Female,B Com Accounting,2025,False,,,,Python
761,Patrick Alexander,28,Male,Law,2023,False,,,,PowerBI
762,David Hobbs,28,Male,Computer Science,2024,False,,,,Java
763,Trevor Kirk,33,Male,B Com Accounting,2024,False,,,,Machine Learning
764,Derrick Rodriguez,33,Female,Marketing,2025,False,,,,Communication
765,Denise Stewart,26,Male,Data Science,2025,False,,,,SQL
766,Kelly Roy,24,Female,Civil Engineering,2023,True,Shoprite,28609.0,5.0,Java
767,Alexander Conner,25,Female,Information Systems,2023,False,,,,PowerBI
768,Kelly Green,29,Female,Education,2024,True,Vodacom,56290.0,12.0,Python
769,Donald Bennett,33,Male,Education,2024,False,,,,PowerBI
770,Steven Freeman,33,Female,Law,2023,False,,,,Java
771,Joseph Rose,29,Female,Education,2025,True,Vodacom,51744.0,11.0,Python
772,Emily Hanson,34,Female,Data Science,2025,True,Discovery,24974.0,4.0,SQL
773,Rhonda Snyder,30,Male,Law,2024,True,Deloitte,36247.0,10.0,Java
774,Tony Flores,32,Female,Computer Science,2024,False,,,,SQL
775,James Lewis,35,Male,B Com Accounting,2024,True,Takealot,59050.0,2.0,Communication
776,Robert Myers,29,Male,Information Systems,2025,True,Takealot,41603.0,6.0,Machine Learning
777,Timothy Murphy,23,Male,Law,2024,True,Standard Bank,15209.0,2.0,SQL
778,Danielle Elliott,21,Female,Computer Science,2023,True,Discovery,26179.0,6.0,PowerBI
779,Christopher Collins,21,Male,Marketing,2023,True,Capitec,45724.0,9.0,Excel
780,Jamie Mendoza,23,Male,B Com Accounting,2024,True,Deloitte,16910.0,10.0,Communication
781,Larry Johnson,27,Male,Data Science,2023,False,,,,Cloud Computing
782,Shannon Pope,26,Female,Information Systems,2024,False,,,,PowerBI
783,Meagan Parsons,25,Male,Information Systems,2024,True,Deloitte,22182.0,8.0,PowerBI
784,Cassandra Stevens,34,Female,Information Systems,2023,True,Amazon,29791.0,5.0,Excel
785,Lisa Figueroa,29,Female,Information Systems,2023,True,Deloitte,37716.0,6.0,SQL
786,Taylor Allen,32,Female,Civil Engineering,2024,True,Amazon,33281.0,12.0,Communication
787,Thomas Weaver,34,Female,Education,2023,True,Shoprite,49230.0,11.0,Communication
788,Sydney Lee,34,Male,Education,2025,True,Capitec,53295.0,8.0,Communication
789,Felicia Oneal,22,Male,Marketing,2025,False,,,,Python
790,Rebecca Murphy,27,Male,Education,2024,True,Takealot,47094.0,2.0,Python
791,Beth Casey,33,Female,Data Science,2023,False,,,,PowerBI
792,Ms. Andrea Archer,26,Male,Information Systems,2024,True,Deloitte,28395.0,9.0,SQL
793,Terry Hernandez,32,Female,Civil Engineering,2023,True,Takealot,37324.0,7.0,Excel
794,Catherine Sullivan,23,Male,Civil Engineering,2023,True,Discovery,52078.0,4.0,Excel
795,Jesse Smith,29,Male,B Com Accounting,2023,False,,,,Excel
796,Michelle Swanson,21,Male,Marketing,2024,False,,,,Excel
797,Scott Kidd,27,Male,Marketing,2024,True,Vodacom,18295.0,10.0,SQL
798,Arthur Shaw,30,Male,Data Science,2025,False,,,,PowerBI
799,Derek Hart,24,Male,Civil Engineering,2024,True,Discovery,51969.0,4.0,PowerBI
800,Christopher Russell,29,Male,Civil Engineering,2025,True,Deloitte,59736.0,5.0,Python
801,Cheryl Combs,28,Female,B Com Accounting,2024,True,Amazon,19254.0,11.0,Communication
802,Corey Price,28,Female,Marketing,2023,True,Discovery,33205.0,9.0,SQL
803,Michele Thomas,27,Female,Computer Science,2024,True,Standard Bank,41436.0,3.0,Machine Learning
804,Jessica Jennings,22,Female,Data Science,2025,True,Discovery,46806.0,11.0,SQL
805,Kelly Bradford,27,Female,Law,2025,True,Accenture,23800.0,7.0,SQL
806,Lisa Riley,24,Female,Computer Science,2024,False,,,,Communication
807,Isaiah Lewis,21,Female,Civil Engineering,2025,True,Discovery,19788.0,10.0,Java
808,Ronald Ibarra,23,Male,Law,2025,True,Discovery,42996.0,4.0,PowerBI
809,Mrs. Erika Reyes,34,Female,Law,2025,False,,,,Python
810,Joshua Wong,34,Female,Information Systems,2025,False,,,,SQL
811,Thomas Sims,32,Male,Computer Science,2024,False,,,,Java
812,Janet Snyder,27,Male,Civil Engineering,2023,True,Deloitte,45923.0,4.0,Java
813,Aaron Johnson,27,Female,Law,2025,False,,,,Java
814,Ryan Johnson,30,Female,Marketing,2024,True,Takealot,41298.0,11.0,PowerBI
815,Natalie Holden,23,Female,Education,2023,False,,,,Cloud Computing
816,Tyler Willis,26,Female,Law,2023,False,,,,Python
817,Sandra Evans,27,Male,Marketing,2024,False,,,,Machine Learning
818,Sean Morton,35,Female,Civil Engineering,2023,False,,,,Java
819,Joseph Smith,26,Female,Information Systems,2025,True,Capitec,17623.0,6.0,Machine Learning
820,Ryan Fletcher,21,Male,Data Science,2024,False,,,,Java
821,Bryan James,30,Female,Education,2023,False,,,,Java
822,Nicholas Chase,27,Female,Information Systems,2023,False,,,,Java
823,Sean Lewis,31,Male,Law,2024,False,,,,Java
824,Brandon Smith,22,Female,Marketing,2023,True,Amazon,26982.0,12.0,PowerBI
825,Christopher Ray,31,Female,Information Systems,2024,False,,,,Python
826,Taylor Gomez,29,Female,Data Science,2024,False,,,,Cloud Computing
827,Kathleen Hughes,31,Female,Data Science,2024,False,,,,Python
828,Eric Mitchell,22,Female,Law,2025,True,Accenture,36126.0,10.0,Java
829,James Hunt,25,Female,Education,2023,False,,,,PowerBI
830,Jennifer Marks,35,Female,Law,2024,True,Standard Bank,16385.0,3.0,Python
831,Eric Gray,24,Male,Civil Engineering,2025,False,,,,Excel
832,Jennifer Campbell,28,Male,Civil Engineering,2023,True,Discovery,20974.0,6.0,Excel
833,Jordan Smith,34,Male,Marketing,2025,False,,,,Cloud Computing
834,Renee Thompson,33,Female,Education,2024,False,,,,Cloud Computing
835,Shane Davis,25,Male,Civil Engineering,2023,True,Discovery,16105.0,1.0,Machine Learning
836,Maria Moore,32,Female,B Com Accounting,2025,False,,,,SQL
837,Joseph Shields,33,Male,Data Science,2023,True,Takealot,46386.0,9.0,SQL
838,Devin Wilson,26,Male,Computer Science,2023,True,Shoprite,24364.0,7.0,PowerBI
839,Heather Gay,35,Male,Computer Science,2025,False,,,,Excel
840,Kelly Joseph,32,Female,Education,2025,False,,,,Excel
841,John Gould,31,Male,Information Systems,2024,True,Capitec,56968.0,1.0,Python
842,James Pearson,33,Male,Education,2025,True,Amazon,45661.0,12.0,Excel
843,Melanie Wood,24,Female,Civil Engineering,2023,True,Amazon,17243.0,12.0,Communication
844,Erin Montes,27,Male,Data Science,2023,True,Standard Bank,23642.0,7.0,Excel
845,Elizabeth Daniels,28,Female,Civil Engineering,2024,False,,,,PowerBI
846,William Zamora,21,Male,Law,2025,True,Accenture,52778.0,7.0,Python
847,Tanner Weber,25,Male,Information Systems,2023,False,,,,PowerBI
848,Kyle Morgan,34,Female,Information Systems,2023,False,,,,Excel
849,Renee Clark,28,Male,Marketing,2024,True,Shoprite,32904.0,10.0,Cloud Computing
850,Lindsey Calderon,21,Male,Computer Science,2023,True,Capitec,47260.0,5.0,PowerBI
851,Brenda Williams,32,Male,Civil Engineering,2023,False,,,,SQL
852,Kevin Garza,29,Female,Marketing,2024,True,Capitec,33189.0,4.0,Machine Learning
853,Oscar Martinez,27,Male,Marketing,2024,True,Standard Bank,56637.0,2.0,Python
854,Scott Goodman,35,Female,B Com Accounting,2023,False,,,,Python
855,Ashley Vazquez,24,Male,Computer Science,2025,True,Discovery,58724.0,2.0,Cloud Computing
856,Jennifer Weeks,35,Female,Computer Science,2025,False,,,,Python
857,Mark Fitzgerald,28,Female,Law,2024,False,,,,Java
858,Casey Crawford,28,Female,Data Science,2024,False,,,,Communication
859,Ashley Morrison,30,Male,Law,2025,True,Vodacom,38684.0,2.0,Excel
860,Sarah Henry,24,Male,Data Science,2024,False,,,,Cloud Computing
861,Erica Burns,29,Male,Computer Science,2024,False,,,,SQL
862,Billy Martinez,28,Male,Civil Engineering,2023,False,,,,SQL
863,Martin Adams,26,Male,Information Systems,2025,False,,,,Cloud Computing
864,James Harris,21,Female,Information Systems,2024,False,,,,Cloud Computing
865,Jeffrey Kirk,26,Male,Civil Engineering,2023,True,Standard Bank,24924.0,4.0,Communication
866,Zachary Franklin,27,Male,Information Systems,2024,False,,,,SQL
867,Ariana Johnson,21,Female,Law,2025,False,,,,Java
868,Kristin Donaldson,29,Male,Data Science,2025,True,Takealot,17192.0,11.0,Java
869,Aaron Hamilton,22,Male,Computer Science,2024,True,Accenture,55839.0,7.0,Excel
870,Adrian Bray,24,Female,B Com Accounting,2025,False,,,,Communication
871,Cynthia Boone,29,Male,Information Systems,2025,True,Amazon,49523.0,2.0,Communication
872,Samantha Morgan,33,Male,Education,2025,False,,,,Java
873,Crystal Wilson,35,Male,Law,2024,False,,,,Machine Learning
874,Barbara Francis,32,Male,B Com Accounting,2023,False,,,,SQL
875,Melissa Goodwin MD,28,Male,Marketing,2025,False,,,,Machine Learning
876,Laura Jimenez,32,Male,Education,2024,False,,,,SQL
877,Taylor Jensen,33,Female,Data Science,2024,True,Deloitte,33806.0,9.0,PowerBI
878,Paul Myers,26,Male,Computer Science,2024,False,,,,Communication
879,Craig Roberts,32,Male,B Com Accounting,2024,True,Shoprite,26393.0,10.0,Python
880,Henry Fisher,28,Male,Civil Engineering,2024,True,Amazon,44549.0,11.0,Machine Learning
881,Jose Hernandez,30,Male,Law,2025,False,,,,Java
882,Patrick Taylor,31,Female,Data Science,2025,True,Accenture,59513.0,8.0,Communication
883,Jennifer Jenkins,29,Male,Marketing,2024,False,,,,Java
884,Larry Bennett,34,Female,Data Science,2024,False,,,,Excel
885,Mr. Timothy Brown,35,Male,Data Science,2025,False,,,,Machine Learning
886,Joseph Buckley,24,Female,B Com Accounting,2023,True,Discovery,58681.0,7.0,Java
887,Dakota Cantrell,25,Male,Computer Science,2024,True,Shoprite,58347.0,6.0,Excel
888,Susan Warner,22,Male,Information Systems,2023,True,Discovery,58112.0,10.0,Cloud Computing
889,Billy Schultz,32,Female,B Com Accounting,2023,False,,,,Cloud Computing
890,Kathryn Wagner,28,Male,Data Science,2025,False,,,,Excel
891,Steven Hawkins,24,Male,Computer Science,2023,False,,,,PowerBI
892,Jennifer Kelley,34,Male,B Com Accounting,2023,True,Shoprite,25255.0,9.0,Excel
893,Michael Smith,31,Male,Law,2025,False,,,,Communication
894,Tara Lopez,29,Female,Education,2024,False,,,,Cloud Computing
895,Timothy Wilson,21,Female,Information Systems,2024,True,Discovery,47676.0,7.0,Excel
896,Charles Zavala,28,Female,B Com Accounting,2024,False,,,,SQL
897,Renee Johns,27,Female,Marketing,2025,False,,,,Machine Learning
898,Tyler Little,25,Male,Law,2023,True,Capitec,29686.0,4.0,SQL
899,Alexander Herrera,33,Female,Civil Engineering,2025,False,,,,Communication
900,Larry Maldonado,28,Male,Information Systems,2024,False,,,,Java
901,Lisa Gonzalez,25,Male,Computer Science,2024,False,,,,SQL
902,Kristina Collins,25,Female,Information Systems,2024,False,,,,Python
903,Anthony Day,25,Male,Civil Engineering,2025,True,Capitec,58498.0,9.0,Python
904,Nichole Strickland,31,Female,Education,2024,True,Deloitte,19699.0,1.0,SQL
905,Michael Ramos,25,Female,B Com Accounting,2025,True,Shoprite,21841.0,4.0,SQL
906,Ryan Yoder,25,Female,Data Science,2023,True,Accenture,34799.0,12.0,Communication
907,Dominique Wilson,33,Female,Data Science,2024,False,,,,SQL
908,Laura Hampton,22,Female,Computer Science,2024,True,Discovery,35693.0,6.0,Machine Learning
909,Felicia Powell,23,Male,Education,2025,False,,,,Machine Learning
910,Jeremy Lewis,35,Female,Computer Science,2023,False,,,,Java
911,David Johnson,25,Male,Computer Science,2025,True,Standard Bank,41741.0,3.0,Cloud Computing
912,Dean Johnson,21,Female,Marketing,2023,True,Takealot,58380.0,10.0,Excel
913,Mary Holt,24,Male,Marketing,2025,True,Takealot,29145.0,1.0,Java
914,Linda Nguyen,24,Female,Information Systems,2023,False,,,,Cloud Computing
915,Matthew Moore,34,Male,Data Science,2025,False,,,,PowerBI
916,Kelly Rodriguez,32,Male,Data Science,2023,True,Capitec,37908.0,11.0,PowerBI
917,Tyler Williams,26,Male,Data Science,2023,True,Amazon,15825.0,2.0,Excel
918,Kristin Bond,21,Female,Education,2024,True,Vodacom,22079.0,1.0,PowerBI
919,Alexander Robinson,34,Male,Data Science,2024,False,,,,Python
920,Cynthia Ferguson DVM,32,Female,Civil Engineering,2023,False,,,,Communication
921,Melanie Montoya,31,Male,Marketing,2025,True,Standard Bank,59239.0,6.0,Machine Learning
922,Dustin Lopez,25,Female,Data Science,2023,True,Shoprite,43304.0,11.0,Python
923,Alexandra Hudson,27,Female,Education,2025,False,,,,Communication
924,Pamela Larson,34,Female,B Com Accounting,2023,False,,,,Communication
925,Lauren King,21,Female,Computer Science,2025,True,Deloitte,26809.0,7.0,Machine Learning
926,Brian Williams,25,Female,Law,2024,True,Standard Bank,36058.0,9.0,Excel
927,Sarah Jennings,25,Female,Education,2023,False,,,,Excel
928,Antonio Ryan,29,Female,Data Science,2023,False,,,,Machine Learning
929,Scott Gross,23,Male,Computer Science,2024,False,,,,PowerBI
930,Cheryl Kelly,23,Female,Marketing,2025,True,Standard Bank,27664.0,1.0,Communication
931,Robert Stewart,26,Female,Data Science,2025,False,,,,PowerBI
932,Sean Novak,27,Female,Education,2024,True,Accenture,53090.0,9.0,Machine Learning
933,Mrs. Erika Wright,22,Female,Information Systems,2025,True,Vodacom,50593.0,6.0,Java
934,Philip Riley,26,Female,Civil Engineering,2025,False,,,,Python
935,Nicole Baldwin,23,Male,Education,2023,False,,,,SQL
936,Clayton Craig,33,Male,Law,2025,False,,,,Excel
937,Erin Goodman,30,Male,B Com Accounting,2023,False,,,,Cloud Computing
938,Benjamin Johnson,21,Female,Computer Science,2023,True,Vodacom,22110.0,12.0,Excel
939,Robert Harris MD,23,Female,Marketing,2023,True,Standard Bank,38305.0,7.0,PowerBI
940,Kimberly Kane,32,Male,Marketing,2025,True,Capitec,45562.0,2.0,Java
941,Sandra Lee,31,Male,Education,2023,True,Standard Bank,21898.0,10.0,Python
942,Edward Carpenter,25,Male,B Com Accounting,2023,True,Shoprite,43762.0,2.0,PowerBI
943,Carla Silva,22,Male,Civil Engineering,2023,True,Deloitte,56495.0,12.0,Python
944,Robert Callahan,29,Male,Information Systems,2024,True,Vodacom,49758.0,12.0,Machine Learning
945,Samuel Garcia,22,Female,Civil Engineering,2023,False,,,,Machine Learning
946,Mark Wheeler,31,Male,Marketing,2025,False,,,,SQL
947,Jill Duncan,25,Female,Computer Science,2025,False,,,,Excel
948,Larry Hall,33,Male,Data Science,2024,True,Shoprite,53187.0,4.0,Java
949,Ronald Bailey,33,Female,Data Science,2025,False,,,,Python
950,Dean Spencer,21,Male,Computer Science,2023,True,Shoprite,20166.0,11.0,SQL
951,Ashley Jackson,30,Female,Law,2025,False,,,,Excel
952,Gregory Smith,22,Female,B Com Accounting,2024,True,Discovery,40018.0,3.0,Excel
953,Robert Kane,33,Female,Civil Engineering,2023,False,,,,PowerBI
954,Alexis Hamilton,21,Female,Computer Science,2023,False,,,,Python
955,Yesenia Roach,26,Female,Civil Engineering,2024,True,Vodacom,44757.0,2.0,PowerBI
956,John Sampson,31,Female,Computer Science,2025,False,,,,Excel
957,Ms. Alejandra Roy,28,Male,Civil Engineering,2023,True,Shoprite,45921.0,8.0,Cloud Computing
958,Zachary Barton,34,Male,Law,2025,True,Vodacom,16931.0,12.0,Cloud Computing
959,Krista Bright,29,Male,B Com Accounting,2023,True,Standard Bank,49361.0,10.0,Cloud Computing
960,John Johnson,22,Male,Marketing,2025,True,Amazon,38327.0,2.0,Excel
961,Karen Miller MD,33,Male,Computer Science,2025,False,,,,Machine Learning
962,Keith Knight,24,Female,B Com Accounting,2024,True,Vodacom,28033.0,2.0,PowerBI
963,Ian Johnson,21,Female,Information Systems,2023,True,Takealot,15424.0,8.0,Cloud Computing
964,Thomas Davila,25,Female,Civil Engineering,2025,True,Deloitte,58661.0,5.0,Machine Learning
965,Marcus Koch,27,Female,Computer Science,2025,True,Takealot,41874.0,6.0,Java
966,Benjamin Rasmussen,27,Female,Civil Engineering,2025,True,Capitec,50332.0,11.0,SQL
967,Steven White,30,Male,Civil Engineering,2023,False,,,,Python
968,Timothy Morris,31,Male,B Com Accounting,2023,False,,,,PowerBI
969,Michael White,22,Male,Data Science,2025,True,Deloitte,50847.0,12.0,SQL
970,Jennifer Wu,27,Male,Data Science,2024,False,,,,Communication
971,Oscar Fry,28,Male,Computer Science,2024,True,Vodacom,52605.0,6.0,Machine Learning
972,Brandon Trevino,28,Female,B Com Accounting,2025,True,Deloitte,18614.0,11.0,Cloud Computing
973,Jon Lawrence MD,33,Female,Law,2025,False,,,,Machine Learning
974,Kevin Meadows,31,Female,Computer Science,2025,False,,,,SQL
975,Kevin Brown,25,Male,Data Science,2025,False,,,,PowerBI
976,Donna Rodriguez,23,Male,B Com Accounting,2024,True,Discovery,36662.0,4.0,Java
977,Rhonda Price,26,Female,Marketing,2024,False,,,,Communication
978,Dawn Martinez,30,Male,Marketing,2023,True,Amazon,28678.0,1.0,Excel
979,Terry Griffin,29,Male,Marketing,2025,True,Discovery,16836.0,5.0,Python
980,Robert Beck,27,Female,Law,2025,False,,,,Excel
981,Theresa Reed,31,Male,B Com Accounting,2024,False,,,,PowerBI
982,Alexandra Smith,26,Male,Information Systems,2024,True,Amazon,35297.0,10.0,Machine Learning
983,Richard Evans,28,Female,Law,2023,False,,,,Java
984,Robert Smith,25,Male,Law,2024,True,Deloitte,56609.0,6.0,Excel
985,Dr. Jeffrey Blair,29,Female,Education,2024,True,Standard Bank,55438.0,11.0,PowerBI
986,Crystal Pratt,29,Male,Information Systems,2025,False,,,,Cloud Computing
987,Crystal Roach,21,Male,Computer Science,2023,True,Standard Bank,27998.0,2.0,Excel
988,Ian Rogers,26,Male,Information Systems,2023,False,,,,SQL
989,Cassandra Davis,34,Female,Civil Engineering,2024,False,,,,PowerBI
990,Anthony Torres,30,Male,B Com Accounting,2023,False,,,,Excel
991,Curtis Hess,21,Male,Marketing,2023,True,Amazon,39068.0,1.0,Excel
992,Shawn Fletcher,21,Female,Computer Science,2025,False,,,,SQL
993,Jacob Salas,28,Male,Education,2023,True,Accenture,41268.0,1.0,PowerBI
994,Abigail Norton,21,Female,Data Science,2024,False,,,,Cloud Computing
995,Melissa Deleon,26,Male,Data Science,2025,False,,,,Python
996,Christopher Clark DDS,25,Male,Marketing,2025,False,,,,SQL
997,Tiffany Vasquez,23,Male,Law,2025,True,Capitec,36409.0,2.0,SQL
998,Brian Allen,28,Male,Education,2023,False,,,,Java
999,Jerry Sawyer,25,Male,Marketing,2025,False,,,,Communication
1000,Kayla Ramirez,35,Female,Computer Science,2023,True,Capitec,26135.0,9.0,Communication
